{"name":"b42e388d-70df-4a94-8666-9279c53f2fc6","id":"/providers/Microsoft.Flow/flows/b42e388d-70df-4a94-8666-9279c53f2fc6","type":"Microsoft.Flow/flows","properties":{"apiId":"/providers/Microsoft.PowerApps/apis/shared_logicflows","displayName":"Mobile Push Notification","definition":{"metadata":{"workflowEntityId":null,"processAdvisorMetadata":null,"flowChargedByPaygo":null,"flowclientsuspensionreason":"None","flowclientsuspensiontime":null,"flowclientsuspensionreasondetails":null,"creator":{"id":"f0e5f45b-4b45-4e8d-999b-7fedb53af3e5","type":"User","tenantId":"fbbf6c60-0344-4c29-9459-725685739b19"},"provisioningMethod":"FromDefinition","failureAlertSubscription":true,"clientLastModifiedTime":"2025-05-29T19:35:30.5408376Z","connectionKeySavedTimeKey":"2025-05-29T19:35:30.5408376Z","creationSource":"Portal","modifiedSources":"Portal"},"$schema":"https://schema.management.azure.com/providers/Microsoft.Logic/schemas/2016-06-01/workflowdefinition.json#","contentVersion":"undefined","parameters":{"$authentication":{"defaultValue":{},"type":"SecureObject"},"$connections":{"defaultValue":{},"type":"Object"}},"triggers":{"manual":{"type":"Request","kind":"Button","inputs":{"schema":{"type":"object","properties":{},"required":[]}}}},"actions":{"Send_me_a_mobile_notification":{"runAfter":{},"type":"OpenApiConnection","inputs":{"parameters":{"NotificationDefinition/notificationText":"Power Automate Test Push Successful!"},"host":{"apiId":"/providers/Microsoft.PowerApps/apis/shared_flowpush","connectionName":"shared_flowpush","operationId":"SendNotification"},"authentication":{"value":"@json(decodeBase64(triggerOutputs().headers['X-MS-APIM-Tokens']))['$ConnectionKey']","type":"Raw"}}}},"description":"This flow will push a test notification to your phone. \n\nNote: You must install the Power Automate application from Google Play/Apple App Store and enable notifications."},"connectionReferences":{"shared_flowpush":{"connectionName":"shared-flowpush-f71e498d-8bb6-4d6d-ad62-e9eadb373bec","source":"Invoker","id":"/providers/Microsoft.PowerApps/apis/shared_flowpush","tier":"NotSpecified","apiName":"flowpush"}},"flowFailureAlertSubscribed":false,"isManaged":false}}