{"name":"652c7269-786d-4076-98e1-dd4cec1ce48e","id":"/providers/Microsoft.Flow/flows/652c7269-786d-4076-98e1-dd4cec1ce48e","type":"Microsoft.Flow/flows","properties":{"apiId":"/providers/Microsoft.PowerApps/apis/shared_logicflows","displayName":"Push Notification Reminders for Outlook 365 Calendar Events","definition":{"metadata":{"workflowEntityId":null,"processAdvisorMetadata":null,"flowChargedByPaygo":null,"flowclientsuspensionreason":"None","flowclientsuspensiontime":null,"flowclientsuspensionreasondetails":null,"creator":{"id":"f0e5f45b-4b45-4e8d-999b-7fedb53af3e5","type":"User","tenantId":"fbbf6c60-0344-4c29-9459-725685739b19"},"provisioningMethod":"FromDefinition","failureAlertSubscription":true,"clientLastModifiedTime":"2025-05-29T19:38:11.285161Z","connectionKeySavedTimeKey":"2025-05-29T19:38:11.285161Z","creationSource":"Portal","modifiedSources":"Portal"},"$schema":"https://schema.management.azure.com/providers/Microsoft.Logic/schemas/2016-06-01/workflowdefinition.json#","contentVersion":"1.0.0.0","parameters":{"$authentication":{"defaultValue":{},"type":"SecureObject"},"$connections":{"defaultValue":{},"type":"Object"}},"triggers":{"When_an_upcoming_event_is_starting_soon_(V3)":{"recurrence":{"frequency":"Minute","interval":5},"splitOn":"@triggerOutputs()?['body/value']","metadata":{"operationMetadataId":"bd4e6fcc-8d5f-4575-9e3e-96a00bf7f9cd"},"type":"OpenApiConnection","inputs":{"parameters":{"table":"AAMkADA5ZWI0YWY0LTYxNzQtNGQxNC04YWNhLTA1MzNmZjE2NmQzYQBGAAAAAABW4ChQaW1FQbNLYNi4YT_eBwDN0kwYGrdNSbIqYgPUzsuqAAAAAAEGAADN0kwYGrdNSbIqYgPUzsuqAAAAAJQPAAA=","lookAheadTimeInMinutes":10},"host":{"apiId":"/providers/Microsoft.PowerApps/apis/shared_office365","connectionName":"shared_office365","operationId":"OnUpcomingEventsV3"},"authentication":"@parameters('$authentication')"},"conditions":[]}},"actions":{"Condition":{"actions":{"Send_me_a_mobile_notification-copy":{"metadata":{"operationMetadataId":"c7d9ce22-405e-40de-8345-4a5ec495098e"},"type":"OpenApiConnection","inputs":{"parameters":{"NotificationDefinition/notificationText":"test event2: @{triggerOutputs()?['body/subject']}"},"host":{"apiId":"/providers/Microsoft.PowerApps/apis/shared_flowpush","connectionName":"shared_flowpush","operationId":"SendNotification"},"authentication":"@parameters('$authentication')"}}},"runAfter":{},"else":{"actions":{}},"expression":{"and":[{"contains":["@triggerOutputs()?['body/categories']","Push Notification"]}]},"type":"If"}},"outputs":{}},"connectionReferences":{"shared_office365":{"connectionName":"5116a75d9f534d46966a372f5bb767b9","source":"Embedded","id":"/providers/Microsoft.PowerApps/apis/shared_office365","tier":"NotSpecified","apiName":"office365"},"shared_flowpush":{"connectionName":"shared-flowpush-f71e498d-8bb6-4d6d-ad62-e9eadb373bec","source":"Embedded","id":"/providers/Microsoft.PowerApps/apis/shared_flowpush","tier":"NotSpecified","apiName":"flowpush"}},"flowFailureAlertSubscribed":false,"isManaged":false}}